group,source_index,copied_filename
01_Honda_or_Toyota_Hatchback,0,000_WhatsApp Image 2026-09-01 at 09.46.11.jpeg
02_Honda_CRV_or_SUV,1,001_WhatsApp Image 2026-09-01 at 09.46.13.jpeg
03_Lexus_Toyota_Sedan,2,002_WhatsApp Image 2026-09-01 at 09.46.14.jpeg
04_Lexus_RX_or_Similar,3,003_WhatsApp Image 2026-09-01 at 09.46.15.jpeg
05_Range_Rover_Velar,4,004_WhatsApp Image 2026-09-01 at 09.46.16.jpeg
06_Toyota_Vellfire_or_Similar,5,005_WhatsApp Image 2026-09-01 at 09.46.17.jpeg
07_Volvo_SUV,6,006_WhatsApp Image 2026-09-01 at 09.46.18.jpeg
08_Volkswagen_Hatchback,7,007_WhatsApp Image 2026-09-01 at 09.46.19.jpeg
09_Ford_Ranger,8,008_WhatsApp Image 2026-09-01 at 09.46.20.jpeg
10_Audi_Sedan,9,009_WhatsApp Image 2026-09-01 at 09.46.21.jpeg
11_Mercedes_C_Class,10,010_WhatsApp Image 2026-09-01 at 09.46.24 (1).jpeg
11_Mercedes_C_Class,11,011_WhatsApp Image 2026-09-01 at 09.46.24.jpeg
11_Mercedes_C_Class,12,012_WhatsApp Image 2026-09-01 at 09.46.25.jpeg
11_Mercedes_C_Class,13,013_WhatsApp Image 2026-09-01 at 09.46.26 (1).jpeg
11_Mercedes_C_Class,14,014_WhatsApp Image 2026-09-01 at 09.46.26.jpeg
11_Mercedes_C_Class,15,015_WhatsApp Image 2026-09-01 at 09.46.28 (1).jpeg
11_Mercedes_C_Class,16,016_WhatsApp Image 2026-09-01 at 09.46.28 (2).jpeg
11_Mercedes_C_Class,17,017_WhatsApp Image 2026-09-01 at 09.46.28.jpeg
11_Mercedes_C_Class,18,018_WhatsApp Image 2026-09-01 at 09.46.29 (1).jpeg
11_Mercedes_C_Class,19,019_WhatsApp Image 2026-09-01 at 09.46.29.jpeg
11_Mercedes_C_Class,20,020_WhatsApp Image 2026-09-01 at 09.46.30.jpeg
11_Mercedes_C_Class,21,021_WhatsApp Image 2026-09-01 at 09.46.31 (1).jpeg
11_Mercedes_C_Class,22,022_WhatsApp Image 2026-09-01 at 09.46.31.jpeg
11_Mercedes_C_Class,23,023_WhatsApp Image 2026-09-01 at 09.46.32 (1).jpeg
11_Mercedes_C_Class,24,024_WhatsApp Image 2026-09-01 at 09.46.32 (2).jpeg
11_Mercedes_C_Class,25,025_WhatsApp Image 2026-09-01 at 09.46.32.jpeg
12_Toyota_Land_Cruiser_200,26,026_WhatsApp Image 2026-09-01 at 09.46.33 (1).jpeg
12_Toyota_Land_Cruiser_200,27,027_WhatsApp Image 2026-09-01 at 09.46.33 (2).jpeg
12_Toyota_Land_Cruiser_200,28,028_WhatsApp Image 2026-09-01 at 09.46.33.jpeg
12_Toyota_Land_Cruiser_200,29,029_WhatsApp Image 2026-09-01 at 09.46.34 (1).jpeg
12_Toyota_Land_Cruiser_200,30,030_WhatsApp Image 2026-09-01 at 09.46.34 (2).jpeg
12_Toyota_Land_Cruiser_200,31,031_WhatsApp Image 2026-09-01 at 09.46.34.jpeg
12_Toyota_Land_Cruiser_200,32,032_WhatsApp Image 2026-09-01 at 09.46.35 (1).jpeg
12_Toyota_Land_Cruiser_200,33,033_WhatsApp Image 2026-09-01 at 09.46.35 (2).jpeg
12_Toyota_Land_Cruiser_200,34,034_WhatsApp Image 2026-09-01 at 09.46.35.jpeg
12_Toyota_Land_Cruiser_200,35,035_WhatsApp Image 2026-09-01 at 09.46.36 (1).jpeg
12_Toyota_Land_Cruiser_200,36,036_WhatsApp Image 2026-09-01 at 09.46.36 (2).jpeg
12_Toyota_Land_Cruiser_200,37,037_WhatsApp Image 2026-09-01 at 09.46.36.jpeg
12_Toyota_Land_Cruiser_200,38,038_WhatsApp Image 2026-09-01 at 09.46.37 (1).jpeg
12_Toyota_Land_Cruiser_200,39,039_WhatsApp Image 2026-09-01 at 09.46.37.jpeg
12_Toyota_Land_Cruiser_200,40,040_WhatsApp Image 2026-09-01 at 09.46.38 (1).jpeg
12_Toyota_Land_Cruiser_200,41,041_WhatsApp Image 2026-09-01 at 09.46.38.jpeg
12_Toyota_Land_Cruiser_200,42,042_WhatsApp Image 2026-09-01 at 09.46.39 (1).jpeg
12_Toyota_Land_Cruiser_200,43,043_WhatsApp Image 2026-09-01 at 09.46.39 (2).jpeg
12_Toyota_Land_Cruiser_200,44,044_WhatsApp Image 2026-09-01 at 09.46.39.jpeg
13_Mercedes_GLE_Coupe,45,045_WhatsApp Image 2026-09-01 at 09.46.40 (1).jpeg
13_Mercedes_GLE_Coupe,46,046_WhatsApp Image 2026-09-01 at 09.46.40.jpeg
13_Mercedes_GLE_Coupe,47,047_WhatsApp Image 2026-09-01 at 09.46.41 (1).jpeg
13_Mercedes_GLE_Coupe,48,048_WhatsApp Image 2026-09-01 at 09.46.41 (2).jpeg
13_Mercedes_GLE_Coupe,49,049_WhatsApp Image 2026-09-01 at 09.46.41 (3).jpeg
13_Mercedes_GLE_Coupe,50,050_WhatsApp Image 2026-09-01 at 09.46.41.jpeg
13_Mercedes_GLE_Coupe,51,051_WhatsApp Image 2026-09-01 at 09.46.42 (1).jpeg
13_Mercedes_GLE_Coupe,52,052_WhatsApp Image 2026-09-01 at 09.46.42.jpeg
14_Porsche_Cayenne,53,053_WhatsApp Image 2026-09-01 at 09.46.43 (1).jpeg
14_Porsche_Cayenne,54,054_WhatsApp Image 2026-09-01 at 09.46.43 (2).jpeg
14_Porsche_Cayenne,55,055_WhatsApp Image 2026-09-01 at 09.46.43.jpeg
14_Porsche_Cayenne,56,056_WhatsApp Image 2026-09-01 at 09.46.44 (1).jpeg
14_Porsche_Cayenne,57,057_WhatsApp Image 2026-09-01 at 09.46.44 (2).jpeg
14_Porsche_Cayenne,58,058_WhatsApp Image 2026-09-01 at 09.46.44.jpeg
14_Porsche_Cayenne,59,059_WhatsApp Image 2026-09-01 at 09.46.45 (1).jpeg
14_Porsche_Cayenne,60,060_WhatsApp Image 2026-09-01 at 09.46.45 (2).jpeg
14_Porsche_Cayenne,61,061_WhatsApp Image 2026-09-01 at 09.46.45.jpeg
14_Porsche_Cayenne,62,062_WhatsApp Image 2026-09-01 at 09.46.46 (1).jpeg
14_Porsche_Cayenne,63,063_WhatsApp Image 2026-09-01 at 09.46.46.jpeg
14_Porsche_Cayenne,64,064_WhatsApp Image 2026-09-01 at 09.46.47 (1).jpeg
14_Porsche_Cayenne,65,065_WhatsApp Image 2026-09-01 at 09.46.47 (2).jpeg
14_Porsche_Cayenne,66,066_WhatsApp Image 2026-09-01 at 09.46.47.jpeg
14_Porsche_Cayenne,67,067_WhatsApp Image 2026-09-01 at 09.46.48 (1).jpeg
15_Volkswagen_Golf,68,068_WhatsApp Image 2026-09-01 at 09.46.48 (2).jpeg
15_Volkswagen_Golf,69,069_WhatsApp Image 2026-09-01 at 09.46.48.jpeg
15_Volkswagen_Golf,70,070_WhatsApp Image 2026-09-01 at 09.46.49 (1).jpeg
15_Volkswagen_Golf,71,071_WhatsApp Image 2026-09-01 at 09.46.49.jpeg
15_Volkswagen_Golf,72,072_WhatsApp Image 2026-09-01 at 09.46.50 (1).jpeg
15_Volkswagen_Golf,73,073_WhatsApp Image 2026-09-01 at 09.46.50.jpeg
15_Volkswagen_Golf,74,074_WhatsApp Image 2026-09-01 at 09.46.53.jpeg
15_Volkswagen_Golf,75,075_WhatsApp Image 2026-09-01 at 09.46.55.jpeg
15_Volkswagen_Golf,76,076_WhatsApp Image 2026-09-01 at 09.46.56.jpeg
15_Volkswagen_Golf,77,077_WhatsApp Image 2026-09-01 at 09.46.57.jpeg
15_Volkswagen_Golf,78,078_WhatsApp Image 2026-09-01 at 09.46.58 (1).jpeg
15_Volkswagen_Golf,79,079_WhatsApp Image 2026-09-01 at 09.46.58.jpeg
15_Volkswagen_Golf,80,080_WhatsApp Image 2026-09-01 at 09.46.59.jpeg
15_Volkswagen_Golf,81,081_WhatsApp Image 2026-09-01 at 09.47.00.jpeg
15_Volkswagen_Golf,82,082_WhatsApp Image 2026-09-01 at 09.47.01.jpeg
15_Volkswagen_Golf,83,083_WhatsApp Image 2026-09-01 at 09.47.02.jpeg
15_Volkswagen_Golf,84,084_WhatsApp Image 2026-09-01 at 09.47.03.jpeg
16_Mercedes_E_Class,85,085_WhatsApp Image 2026-09-01 at 09.47.04.jpeg
16_Mercedes_E_Class,86,086_WhatsApp Image 2026-09-01 at 09.47.05 (1).jpeg
16_Mercedes_E_Class,87,087_WhatsApp Image 2026-09-01 at 09.47.05.jpeg
16_Mercedes_E_Class,88,088_WhatsApp Image 2026-09-01 at 09.47.06 (1).jpeg
16_Mercedes_E_Class,89,089_WhatsApp Image 2026-09-01 at 09.47.06.jpeg
16_Mercedes_E_Class,90,090_WhatsApp Image 2026-09-01 at 09.47.07 (1).jpeg
16_Mercedes_E_Class,91,091_WhatsApp Image 2026-09-01 at 09.47.07.jpeg
16_Mercedes_E_Class,92,092_WhatsApp Image 2026-09-01 at 09.47.08 (1).jpeg
16_Mercedes_E_Class,93,093_WhatsApp Image 2026-09-01 at 09.47.08.jpeg
16_Mercedes_E_Class,94,094_WhatsApp Image 2026-09-01 at 09.47.09 (1).jpeg
16_Mercedes_E_Class,95,095_WhatsApp Image 2026-09-01 at 09.47.09.jpeg
16_Mercedes_E_Class,96,096_WhatsApp Image 2026-09-01 at 09.47.10 (1).jpeg
16_Mercedes_E_Class,97,097_WhatsApp Image 2026-09-01 at 09.47.10.jpeg
16_Mercedes_E_Class,98,098_WhatsApp Image 2026-09-01 at 09.47.11 (1).jpeg
16_Mercedes_E_Class,99,099_WhatsApp Image 2026-09-01 at 09.47.11.jpeg
16_Mercedes_E_Class,100,100_WhatsApp Image 2026-09-01 at 09.47.12 (1).jpeg
16_Mercedes_E_Class,101,101_WhatsApp Image 2026-09-01 at 09.47.12.jpeg
16_Mercedes_E_Class,102,102_WhatsApp Image 2026-09-01 at 09.47.13.jpeg
16_Mercedes_E_Class,103,103_WhatsApp Image 2026-09-01 at 09.47.14.jpeg
16_Mercedes_E_Class,104,104_WhatsApp Image 2026-09-01 at 09.47.15 (1).jpeg
17_BMW_X6,105,105_WhatsApp Image 2026-09-01 at 09.47.15.jpeg
17_BMW_X6,106,106_WhatsApp Image 2026-09-01 at 09.47.16 (1).jpeg
17_BMW_X6,107,107_WhatsApp Image 2026-09-01 at 09.47.16.jpeg
17_BMW_X6,108,108_WhatsApp Image 2026-09-01 at 09.47.17 (1).jpeg
17_BMW_X6,109,109_WhatsApp Image 2026-09-01 at 09.47.17 (2).jpeg
17_BMW_X6,110,110_WhatsApp Image 2026-09-01 at 09.47.17.jpeg
17_BMW_X6,111,111_WhatsApp Image 2026-09-01 at 09.47.18.jpeg
17_BMW_X6,112,112_WhatsApp Image 2026-09-01 at 09.47.19 (1).jpeg
17_BMW_X6,113,113_WhatsApp Image 2026-09-01 at 09.47.19 (2).jpeg
17_BMW_X6,114,114_WhatsApp Image 2026-09-01 at 09.47.19.jpeg
17_BMW_X6,115,115_WhatsApp Image 2026-09-01 at 09.47.20 (1).jpeg
17_BMW_X6,116,116_WhatsApp Image 2026-09-01 at 09.47.20.jpeg
18_Toyota_RAV4_older,117,117_WhatsApp Image 2026-09-01 at 09.47.21 (1).jpeg
18_Toyota_RAV4_older,118,118_WhatsApp Image 2026-09-01 at 09.47.21 (2).jpeg
18_Toyota_RAV4_older,119,119_WhatsApp Image 2026-09-01 at 09.47.21.jpeg
18_Toyota_RAV4_older,120,120_WhatsApp Image 2026-09-01 at 09.47.22 (1).jpeg
18_Toyota_RAV4_older,121,121_WhatsApp Image 2026-09-01 at 09.47.22 (2).jpeg
18_Toyota_RAV4_older,122,122_WhatsApp Image 2026-09-01 at 09.47.22.jpeg
18_Toyota_RAV4_older,123,123_WhatsApp Image 2026-09-01 at 09.47.23 (1).jpeg
18_Toyota_RAV4_older,124,124_WhatsApp Image 2026-09-01 at 09.47.23.jpeg
18_Toyota_RAV4_older,125,125_WhatsApp Image 2026-09-01 at 09.47.24 (1).jpeg
18_Toyota_RAV4_older,126,126_WhatsApp Image 2026-09-01 at 09.47.24 (2).jpeg
18_Toyota_RAV4_older,127,127_WhatsApp Image 2026-09-01 at 09.47.24.jpeg
19_Toyota_RAV4_newer,128,128_WhatsApp Image 2026-09-01 at 09.47.25 (1).jpeg
19_Toyota_RAV4_newer,129,129_WhatsApp Image 2026-09-01 at 09.47.25.jpeg
19_Toyota_RAV4_newer,130,130_WhatsApp Image 2026-09-01 at 09.47.26.jpeg
19_Toyota_RAV4_newer,131,131_WhatsApp Image 2026-09-01 at 09.47.27 (1).jpeg
19_Toyota_RAV4_newer,132,132_WhatsApp Image 2026-09-01 at 09.47.27.jpeg
19_Toyota_RAV4_newer,133,133_WhatsApp Image 2026-09-01 at 09.47.28 (1).jpeg
19_Toyota_RAV4_newer,134,134_WhatsApp Image 2026-09-01 at 09.47.28 (2).jpeg
19_Toyota_RAV4_newer,135,135_WhatsApp Image 2026-09-01 at 09.47.28.jpeg
19_Toyota_RAV4_newer,136,136_WhatsApp Image 2026-09-01 at 09.47.29 (1).jpeg
20_Toyota_Hiace,137,137_WhatsApp Image 2026-09-01 at 09.47.29 (2).jpeg
20_Toyota_Hiace,138,138_WhatsApp Image 2026-09-01 at 09.47.29.jpeg
20_Toyota_Hiace,139,139_WhatsApp Image 2026-09-01 at 09.47.30 (1).jpeg
20_Toyota_Hiace,140,140_WhatsApp Image 2026-09-01 at 09.47.30.jpeg
20_Toyota_Hiace,141,141_WhatsApp Image 2026-09-01 at 09.47.31 (1).jpeg
20_Toyota_Hiace,142,142_WhatsApp Image 2026-09-01 at 09.47.31.jpeg
20_Toyota_Hiace,143,143_WhatsApp Image 2026-09-01 at 09.47.32 (1).jpeg
20_Toyota_Hiace,144,144_WhatsApp Image 2026-09-01 at 09.47.32 (2).jpeg
20_Toyota_Hiace,145,145_WhatsApp Image 2026-09-01 at 09.47.32.jpeg
20_Toyota_Hiace,146,146_WhatsApp Image 2026-09-01 at 09.47.33.jpeg
20_Toyota_Hiace,147,147_WhatsApp Image 2026-09-01 at 09.47.34 (1).jpeg
20_Toyota_Hiace,148,148_WhatsApp Image 2026-09-01 at 09.47.34.jpeg
20_Toyota_Hiace,149,149_WhatsApp Image 2026-09-01 at 09.47.36 (1).jpeg
20_Toyota_Hiace,150,150_WhatsApp Image 2026-09-01 at 09.47.36 (2).jpeg
21_Mazda_Demio_Mazda2,151,151_WhatsApp Image 2026-09-01 at 09.47.36 (3).jpeg
21_Mazda_Demio_Mazda2,152,152_WhatsApp Image 2026-09-01 at 09.47.36.jpeg
21_Mazda_Demio_Mazda2,153,153_WhatsApp Image 2026-09-01 at 09.47.37.jpeg
21_Mazda_Demio_Mazda2,154,154_WhatsApp Image 2026-09-01 at 09.47.38 (1).jpeg
21_Mazda_Demio_Mazda2,155,155_WhatsApp Image 2026-09-01 at 09.47.38 (2).jpeg
21_Mazda_Demio_Mazda2,156,156_WhatsApp Image 2026-09-01 at 09.47.38.jpeg
21_Mazda_Demio_Mazda2,157,157_WhatsApp Image 2026-09-01 at 09.47.39 (1).jpeg
21_Mazda_Demio_Mazda2,158,158_WhatsApp Image 2026-09-01 at 09.47.39 (2).jpeg
21_Mazda_Demio_Mazda2,159,159_WhatsApp Image 2026-09-01 at 09.47.39.jpeg
22_Nissan_Patrol_Y62,160,160_WhatsApp Image 2026-09-01 at 09.47.40 (1).jpeg
22_Nissan_Patrol_Y62,161,161_WhatsApp Image 2026-09-01 at 09.47.40.jpeg
22_Nissan_Patrol_Y62,162,162_WhatsApp Image 2026-09-01 at 09.47.41 (1).jpeg
22_Nissan_Patrol_Y62,163,163_WhatsApp Image 2026-09-01 at 09.47.41 (2).jpeg
22_Nissan_Patrol_Y62,164,164_WhatsApp Image 2026-09-01 at 09.47.41.jpeg
22_Nissan_Patrol_Y62,165,165_WhatsApp Image 2026-09-01 at 09.47.42 (1).jpeg
22_Nissan_Patrol_Y62,166,166_WhatsApp Image 2026-09-01 at 09.47.42 (2).jpeg
22_Nissan_Patrol_Y62,167,167_WhatsApp Image 2026-09-01 at 09.47.42.jpeg
22_Nissan_Patrol_Y62,168,168_WhatsApp Image 2026-09-01 at 09.47.43.jpeg
23_Mercedes_S_Class,169,169_WhatsApp Image 2026-09-01 at 09.47.44.jpeg
23_Mercedes_S_Class,170,170_WhatsApp Image 2026-09-01 at 09.47.45 (1).jpeg
23_Mercedes_S_Class,171,171_WhatsApp Image 2026-09-01 at 09.47.45.jpeg
23_Mercedes_S_Class,172,172_WhatsApp Image 2026-09-01 at 09.47.46 (1).jpeg
23_Mercedes_S_Class,173,173_WhatsApp Image 2026-09-01 at 09.47.46.jpeg
23_Mercedes_S_Class,174,174_WhatsApp Image 2026-09-01 at 09.47.47.jpeg
24_Audi_Q8,175,175_WhatsApp Image 2026-09-01 at 09.47.48 (1).jpeg
24_Audi_Q8,176,176_WhatsApp Image 2026-09-01 at 09.47.48 (2).jpeg
24_Audi_Q8,177,177_WhatsApp Image 2026-09-01 at 09.47.48.jpeg
24_Audi_Q8,178,178_WhatsApp Image 2026-09-01 at 09.47.49.jpeg
24_Audi_Q8,179,179_WhatsApp Image 2026-09-01 at 09.47.50 (1).jpeg
24_Audi_Q8,180,180_WhatsApp Image 2026-09-01 at 09.47.50.jpeg
